Id,Designator,Package,Quantity,Designation,Item Name,Part Number,Vendor,Cost per (100+),Cost,URL,,,,,,,,,,,Alternate
1,"Q8,Q1,Q2,Q3,Q4,Q5,Q6,Q7,Q9,Q10",TO-263-2,10,Q_NMOS_GDS,MOSFET N CH 40V 195A D2PAK,34AC1758,Newark,1.75,,https://www.newark.com/infineon/irfs7434trlpbf/mosfet-n-ch-40v-195a-to-263ab/dp/34AC1758,,,,,,,,,,,https://www.digikey.com/products/en?keywords=IRFS7437TRLPBFCT-ND
2,"C8,C5,C6,C7,C16,C17,C18,C34,C35,C44",C_1206_3216Metric_Pad1.42x1.75mm_HandSolder,10,10uF 50V,"CAP CER 10uF, 50V 1206",18AH4584,Newark,0.217,,https://www.newark.com/nic-components/nmc1206x5r106k50trplpf/multilayer-ceramic-chip-capacitor/dp/18AH4584,,,,,,,,,,,
3,"C33,C42,C1,C2,C19,C3,C4,C9,C10,C11,C12,C13,C14,C15,C20,C21,C32,C41,C43,C50",C_0603_1608Metric_Pad1.05x0.95mm_HandSolder,20,0.1uF,"CAP CER .1 uF, 16V 0603",82AC9325,Newark,0.011,,https://www.newark.com/samsung-electro-mechanics/cl10b103kb8nnnc/cap-0-01uf-50v-mlcc-0603/dp/82AC9315?st=CL10B103KB8NNNC,,,,,,,,,,,
4,"U18,U9,U1,U3,U4,U10,U11,U2,U17,U21",SOIC-8-N7_3.9x4.9mm_P1.27mm,10,LT1910,IC MOSFET DRIVER HI-SIDE 8-SOIC,LT1910IS8#PBF-ND,Digikey,2.996,,https://www.digikey.com/products/en?keywords=LT1910IS8%23PBF-ND,,,,,,,,,,,
5,"R6,R9,R1,R2,R3,R4,R10,R11,R5,R13",R_0603_1608Metric_Pad1.05x0.95mm_HandSolder,10,5.1k,RES SMD 5.1k 0.1%,94X1664,Newark,0.012,,https://www.newark.com/multicomp/mcwr06x5101ftl/surface-mount-thick-film-resistor/dp/94X1664,,,,,,,,,,,
6,"F7,F6,F2,F1,F3,F4,F5,F8,F9,F10",ATC_Fuse_Block,10,Fuse,FUSE BLOCK BLADE 500V 20A PCB,22M2712,Newark,0.808,,https://www.newark.com/keystone/3557-2/fuse-holder-auto-blade-0-8-x-2/dp/22M2712?ost=3557-2&dym=35572&ddkey=https%3Aen-US%2FElement14_US%2Fsearch,,,,,,,,,,,
7,"D7,D3,D4,D5,D6,D12,D13",LED_0603_1608Metric_Pad1.05x0.95mm_HandSolder,7,ORG,LED ORANGE 20mA 2V 0603,28M9279,Newark,0.117,,"https://www.newark.com/lumex/sml-lx0603sow-tr/led-orange-0-8mm-x-1mm-60mcd-610nm/dp/28M9279?st=LED,%20QuasarBrite,%20Orange,%20SMD,%200603,%2020%20mA,%202%20V",,,,,,,,,,,
8,"R12,R7,R15,R16,R8,R14,R17,R18,R19,R20",R_0603_1608Metric_Pad1.05x0.95mm_HandSolder,10,2.5k,RES SMD 2.49k 0.1%,94X1527,Newark,0.012,,https://www.newark.com/multicomp/mcwr06x2491ftl/surface-mount-chip-resistor-thick/dp/94X1527,,,,,,,,,,,
9,"U5,U6,U7,U8,U12,U13,U14,U19,U20,U22",SOIC-8_3.9x4.9mm_P1.27mm,10,ACS722xLCTR-40AU,SENSOR CURRENT HALL 40A DC,42X9071,Newark,2.26,,https://www.newark.com/allegro-microsystems/acs722llctr-40au-t/current-sensor-0-009a-nsoic-8/dp/42X9071?scope=partnumberlookahead&ost=ACS722LLCTR-40AU-T&searchref=searchlookahead&exaMfpn=true&ddkey=https%3Aen-US%2FElement14_US%2Fw%2Fsearch,,,,,,,,,,,
10,"U15,U16",OKI_Horizontal,2,OKI_3V3,DC DC CONVERTER 3.3V 5W,58T9850,Newark,4.05,,https://www.newark.com/murata-power-solutions/oki-78sr-3-3-1-5-w36h-c/dc-dc-converter-3-3v-1-5a/dp/58T9850?ost=OKI-78SR-3.3%2F1.5-W36H-C&ddkey=https%3Aen-US%2FElement14_US%2Fsearch,,,,,,,,,,,
11,"U15,U16",OKI_Horizontal,2,OKI_5V,DC DC CONVERTER 5V 7.5W,58T9851,Newark,4.05,,https://www.newark.com/murata-power-solutions/oki-78sr-5-1-5-w36h-c/dc-dc-converter-5v-1-5a/dp/58T9851?ost=OKI-78SR-5%2F1.5-W36H-C&ddkey=https%3Aen-US%2FElement14_US%2Fsearch,,,,,,,,,,,
12,"C22,C25,C26,C27",CP_Radial_D12.5mm_P5.00mm,4,470uF,"CAP ELEC - 12.5mmRadial, 5mm Lead,  50V, 470uF",27AC4718,Newark,0.407,,https://www.newark.com/panasonic-electronic-components/eeu-fm1h471/cap-470uf-50vdc-20-12-5-x-20mm/dp/27AC4718,,,,,,,,,,,
13,"C23,C24",CP_Radial_D6.3mm_P2.50mm,2,22uF 50V,"CAP ELEC - 6.3mmRadial, 2.5mm Lead,  50V,22uF",55T0243,Newark,0.097,,https://www.newark.com/panasonic/ece-a1hka220/aluminum-electrolytic-capacitor/dp/55T0243,,,,,,,,,,,
14,"C28,C29",C_0603_1608Metric_Pad1.05x0.95mm_HandSolder,2,10uF,"CAP CER 10 uF, 6.3V 0603",82AC9289,Newark,0.046,,https://www.newark.com/samsung-electro-mechanics/cl10a106mq8nnnc/cap-10uf-6-3v-mlcc-0603/dp/82AC9289,,,,,,,,,,,
15,"C30,C31",CP_Radial_D6.3mm_P2.50mm,2,47uF,"CAP ELEC - 6.3mmRadial, 2.5mm Lead,  50V,47uF",65R3192,Newark,0.047,,https://www.newark.com/nichicon/uvz1h470med1td/aluminum-electrolytic-capacitor/dp/65R3192,,,,,,,,,,,
16,"D1,D2",D_DO-201AD_P5.08mm_Vertical_KathodeUp,2,1.5KE36A,TVS DIODE 30.8V 64.3V DO201,91R0648,Newark,0.354,,https://www.newark.com/multicomp/1-5ke36a/tvs-diode-30a-30-8v-unidirectional/dp/91R0648?MER=sy-me-pd-mi-alte,,,,,,,,,,,
17,ConnTIVA_PWR1,MOLEX_SL_02_Vertical,1,Molex_SL_02,"SL 1x2 Contacts, Header, THT",59H2645,Newark,0.568,,https://www.newark.com/molex/70543-0001/connector-header-2pos-1row-2-54mm/dp/59H2645?ost=WM4800-ND&iscrfnonsku=true&ddkey=https%3Aen-US%2FElement14_US%2Fsearch,,,,,,,,,,,
18,"D10,D11",LED_0603_1608Metric_Pad1.05x0.95mm_HandSolder,2,GRN,LED GREEN 20mA 2.2V 0603,75K1440,Newark,0.091,,"https://www.newark.com/lumex/sml-lx0603gw-tr/led-green-0-8mm-x-1mm-18mcd-565nm/dp/75K1440?st=LED,%20QuasarBrite,%20Green,%20SMD,%200603,%2020%20mA,%202%20V",,,,,,,,,,,
19,R22,R_0603_1608Metric_Pad1.05x0.95mm_HandSolder,1,510,RES SMD 510  5%,59M6823,Newark,0.004,,https://www.newark.com/vishay/crcw0603510rjnea/res-thick-film-510r-5-0-1w-0603/dp/59M6823?st=RES%20SMD%20510%20OHM%205%25%201/4W%200603,,,,,,,,,,,
20,"C36,C37,C38,C39,C40,C45,C46,C47,C48,C49",C_0603_1608Metric_Pad1.05x0.95mm_HandSolder,10,1nF,"CAP CER 1 nF,50V 0603",38K9274,Newark,0.013,,https://www.newark.com/multicomp-pro/mcu0603c102jct/ceramic-capacitor-1000pf-50v-c0g/dp/38K9274,,,,,,,,,,,
21,"D8,D9",LED_0603_1608Metric_Pad1.05x0.95mm_HandSolder,2,BLU,LED BLUE 20mA 3.5V 0603,70M9169,Newark,0.939,,"https://www.newark.com/lumex/sml-lx0603usbw-tr/led-blue-0-8mm-x-1mm-20mcd-470nm/dp/70M9169?st=LED,%20%20Blue,%20SMD,%200603,%2020%20mA,%203.5%20V",,,,,,,,,,,
22,"ConnTIVA_L1,ConnTIVA_R1",PinHeader_2x05_P1.27mm_Vertical,2,PH_2x05,,,,,,,,,,,,,,,,,
*,"Conn1,Conn3,Conn5,Conn2,Conn8,Conn9,Conn6,Conn7,Conn4,Conn10",Anderson Housing,10,AndersonPP ,Blue 45/30/15A Housing,1327G8,Powerwerx,0.31,,https://powerwerx.com/anderson-powerpole-colored-housings,,,,,,,,,,,
*,"Conn1,Conn3,Conn5,Conn2,Conn8,Conn9,Conn6,Conn7,Conn4,Conn10",Anderson Housing,10,AndersonPP ,Black 45/30/15A Housing,1327G6,Powerwerx,0.31,,https://powerwerx.com/anderson-powerpole-colored-housings,,,,,,,,,,,
,,,,,,,,,,,,,,,,,,,,,
,,,,,,,,,,,,,,,,,,,,,
,,,,,,,,,,,,,,,,,,,,,
